DateKey,LocationKey,AssetKey,MetricKey,PlanValue,ActualValue
20240101,1,1,1,11500.0,11745.297249202318
20240101,1,1,2,2.3000000000000003,2.27576991506702
20240101,1,1,3,3680.0,3899.5234775970002
20240101,1,1,4,0.0,1.4405647163912139
20240101,1,2,1,11500.0,9929.41667313366
20240101,1,2,2,2.3000000000000003,1.9083040371856221
20240101,1,2,3,3680.0,3197.723425494122
20240101,1,2,4,0.0,0.1837574076564178
20240101,1,3,1,11500.0,11486.475068209047
20240101,1,3,2,2.3000000000000003,2.2385042068048433
20240101,1,3,3,3680.0,3837.2909484396214
20240101,1,3,4,0.0,1.2777919354289482
20240101,2,4,1,12649.999999999998,12708.470182690453
20240101,2,4,2,2.53,2.6276471041428104
20240101,2,4,3,4301.0,4421.8824472291235
20240101,2,4,4,0.0,0.0
20240101,2,5,1,12649.999999999998,12976.52881930505
20240101,2,5,2,2.53,2.5206479576370837
20240101,2,5,3,4301.0,4605.806804634814
20240101,2,5,4,0.0,0.4500740890137471
20240101,2,6,1,12649.999999999998,12486.30437708067
20240101,2,6,2,2.53,2.4462471141114874
20240101,2,6,3,4301.0,4504.848883767638
20240101,2,6,4,0.0,0.3454705179311979
20240101,3,7,1,10925.0,10597.436298000765
20240101,3,7,2,2.185,2.097096982382026
20240101,3,7,3,3277.5,3263.8475796713637
20240101,3,7,4,0.0,0.8654440643640784
20240101,3,8,1,10925.0,11240.637264718032
20240101,3,8,2,2.185,2.2771836686686084
20240101,3,8,3,3277.5,3733.2934368689866
20240101,3,8,4,0.0,0.09358498361538442
20240101,3,9,1,10925.0,10533.262372942541
20240101,3,9,2,2.185,2.055222384637027
20240101,3,9,3,3277.5,3257.3028049975824
20240101,3,9,4,0.0,1.6289722927208916
20240201,1,1,1,11500.0,11408.272296587826
20240201,1,1,2,2.3000000000000003,2.224146056151983
20240201,1,1,3,3680.0,3500.1526355156657
20240201,1,1,4,0.0,1.150592787824701
20240201,1,2,1,11500.0,12098.31960781877
20240201,1,2,2,2.3000000000000003,2.459091445169597
20240201,1,2,3,3680.0,3742.637488247854
20240201,1,2,4,0.0,0.7321613230667198
20240201,1,3,1,11500.0,11593.932076358287
20240201,1,3,2,2.3000000000000003,2.3339991796897595
20240201,1,3,3,3680.0,3871.7108414092954
20240201,1,3,4,0.0,0.7235955487746822
20240201,2,4,1,12649.999999999998,13251.17796010016
20240201,2,4,2,2.53,2.6556086056770836
20240201,2,4,3,4301.0,4570.530440697943
20240201,2,4,4,0.0,1.1312882258385404
20240201,2,5,1,12649.999999999998,11359.688521517806
20240201,2,5,2,2.53,2.2501495116208794
20240201,2,5,3,4301.0,3771.4582210053572
20240201,2,5,4,0.0,0.0
20240201,2,6,1,12649.999999999998,12406.36153653877
20240201,2,6,2,2.53,2.592553001606242
20240201,2,6,3,4301.0,4035.552086958305
20240201,2,6,4,0.0,1.4682783545914808
20240201,3,7,1,10925.0,9638.025342156812
20240201,3,7,2,2.185,1.9082392859970914
20240201,3,7,3,3277.5,2914.9368751369793
20240201,3,7,4,0.0,1.086222331359278
20240201,3,8,1,10925.0,11468.910526896587
20240201,3,8,2,2.185,2.34837507612293
20240201,3,8,3,3277.5,3380.680708287433
20240201,3,8,4,0.0,0.03764820733543284
20240201,3,9,1,10925.0,11581.137055191408
20240201,3,9,2,2.185,2.3029342814040525
20240201,3,9,3,3277.5,3252.7326443072766
20240201,3,9,4,0.0,0.0
20240301,1,1,1,10000.0,9356.383399798871
20240301,1,1,2,2.0,1.899186439155952
20240301,1,1,3,3200.0,3015.3641246184347
20240301,1,1,4,0.0,1.1904853540677682
20240301,1,2,1,10000.0,9700.923147564426
20240301,1,2,2,2.0,1.9494125176667283
20240301,1,2,3,3200.0,3201.3962765603237
20240301,1,2,4,0.0,0.1906534602797616
20240301,1,3,1,10000.0,10319.742666290189
20240301,1,3,2,2.0,2.0229631010023392
20240301,1,3,3,3200.0,3242.371696883927
20240301,1,3,4,0.0,0.11826210600167092
20240301,2,4,1,11000.0,10079.203472896439
20240301,2,4,2,2.2,2.045290462896522
20240301,2,4,3,3740.0000000000005,3346.49875192632
20240301,2,4,4,0.0,0.5124941187276875
20240301,2,5,1,11000.0,11370.17492735755
20240301,2,5,2,2.2,2.304497810963385
20240301,2,5,3,3740.0000000000005,3994.473741713918
20240301,2,5,4,0.0,0.4015145154905764
20240301,2,6,1,11000.0,10674.060299726001
20240301,2,6,2,2.2,2.1297065580039933
20240301,2,6,3,3740.0000000000005,3322.998440511016
20240301,2,6,4,0.0,0.0
20240301,3,7,1,9500.0,8620.404757784323
20240301,3,7,2,1.9000000000000001,1.672500923772818
20240301,3,7,3,2850.0,2637.8146620265907
20240301,3,7,4,0.0,0.0
20240301,3,8,1,9500.0,9248.521901563805
20240301,3,8,2,1.9000000000000001,1.9218000285159964
20240301,3,8,3,2850.0,2725.1328433826457
20240301,3,8,4,0.0,1.2375155684670864
20240301,3,9,1,9500.0,8879.144242793433
20240301,3,9,2,1.9000000000000001,1.764884190303523
20240301,3,9,3,2850.0,2537.212529947238
20240301,3,9,4,0.0,0.16096692409943752
20240401,1,1,1,10000.0,10588.215696220177
20240401,1,1,2,2.0,2.007907691940554
20240401,1,1,3,3200.0,3461.8253626528794
20240401,1,1,4,0.0,0.7377356023322779
20240401,1,2,1,10000.0,9584.095031012244
20240401,1,2,2,2.0,1.8336640708216454
20240401,1,2,3,3200.0,3077.9711468274363
20240401,1,2,4,0.0,0.0
20240401,1,3,1,10000.0,10162.873347948294
20240401,1,3,2,2.0,2.0339071531136734
20240401,1,3,3,3200.0,3512.5782874060383
20240401,1,3,4,0.0,0.2606443725269757
20240401,2,4,1,11000.0,10211.906930681163
20240401,2,4,2,2.2,2.053365862730909
20240401,2,4,3,3740.0000000000005,3510.240312681824
20240401,2,4,4,0.0,1.8591875752404365
20240401,2,5,1,11000.0,11643.035659354224
20240401,2,5,2,2.2,2.3535375066756603
20240401,2,5,3,3740.0000000000005,4248.26601580983
20240401,2,5,4,0.0,0.0
20240401,2,6,1,11000.0,10507.391319782693
20240401,2,6,2,2.2,2.043062887933475
20240401,2,6,3,3740.0000000000005,3502.883018311349
20240401,2,6,4,0.0,0.0
20240401,3,7,1,9500.0,9922.37537963158
20240401,3,7,2,1.9000000000000001,1.9712452138153869
20240401,3,7,3,2850.0,2757.8042314177687
20240401,3,7,4,0.0,0.0
20240401,3,8,1,9500.0,9708.48670855438
20240401,3,8,2,1.9000000000000001,1.9905189855778092
20240401,3,8,3,2850.0,3203.3245424045576
20240401,3,8,4,0.0,3.4138624660073296
20240401,3,9,1,9500.0,9775.582273128539
20240401,3,9,2,1.9000000000000001,1.8970765867970973
20240401,3,9,3,2850.0,2620.0447745274623
20240401,3,9,4,0.0,0.7677114623438358
20240501,1,1,1,10000.0,9430.94123328277
20240501,1,1,2,2.0,1.8626849871871225
20240501,1,1,3,3200.0,2925.53881159427
20240501,1,1,4,0.0,0.35920911358361474
20240501,1,2,1,10000.0,10746.18616155135
20240501,1,2,2,2.0,2.159363271163306
20240501,1,2,3,3200.0,3411.50405984803
20240501,1,2,4,0.0,0.0
20240501,1,3,1,10000.0,8827.721938706949
20240501,1,3,2,2.0,1.7397864417540296
20240501,1,3,3,3200.0,2817.274581925768
20240501,1,3,4,0.0,2.267929913579883
20240501,2,4,1,11000.0,11100.311381534122
20240501,2,4,2,2.2,2.2855145637825798
20240501,2,4,3,3740.0000000000005,3679.8861472629633
20240501,2,4,4,0.0,0.0
20240501,2,5,1,11000.0,10256.860093081074
20240501,2,5,2,2.2,2.006740764937421
20240501,2,5,3,3740.0000000000005,3858.466508032633
20240501,2,5,4,0.0,0.0
20240501,2,6,1,11000.0,11645.636686876986
20240501,2,6,2,2.2,2.2660363661511456
20240501,2,6,3,3740.0000000000005,4143.945408077134
20240501,2,6,4,0.0,0.8849509661058632
20240501,3,7,1,9500.0,9395.835798057371
20240501,3,7,2,1.9000000000000001,1.876869171597779
20240501,3,7,3,2850.0,2726.4665743845667
20240501,3,7,4,0.0,0.9460722014820806
20240501,3,8,1,9500.0,9197.43598557338
20240501,3,8,2,1.9000000000000001,1.7718526137798818
20240501,3,8,3,2850.0,2582.9245601715597
20240501,3,8,4,0.0,0.6725879177221195
20240501,3,9,1,9500.0,10550.095685512939
20240501,3,9,2,1.9000000000000001,2.120146698095064
20240501,3,9,3,2850.0,3146.254020267456
20240501,3,9,4,0.0,0.7858261396025429
20240601,1,1,1,9500.0,10368.491158235038
20240601,1,1,2,1.9000000000000001,2.0873462248009833
20240601,1,1,3,3040.0,3249.74604488197
20240601,1,1,4,0.0,1.6062887100598888
20240601,1,2,1,9500.0,9785.123031576974
20240601,1,2,2,1.9000000000000001,2.047189974284369
20240601,1,2,3,3040.0,3159.9269142940416
20240601,1,2,4,0.0,0.0
20240601,1,3,1,9500.0,8590.174132501632
20240601,1,3,2,1.9000000000000001,1.8031253770087903
20240601,1,3,3,3040.0,2985.761141404562
20240601,1,3,4,0.0,0.3204807867173993
20240601,2,4,1,10450.0,10169.698474589024
20240601,2,4,2,2.0900000000000003,2.123114381654879
20240601,2,4,3,3553.0000000000005,3266.3060280326417
20240601,2,4,4,0.0,0.0
20240601,2,5,1,10450.0,10920.593550315038
20240601,2,5,2,2.0900000000000003,2.1582627771052776
20240601,2,5,3,3553.0000000000005,3712.050932087744
20240601,2,5,4,0.0,0.33655710147548745
20240601,2,6,1,10450.0,10696.93578244642
20240601,2,6,2,2.0900000000000003,2.2297216150018704
20240601,2,6,3,3553.0000000000005,3653.43084187556
20240601,2,6,4,0.0,1.1439387932768579
20240601,3,7,1,9025.0,7729.803775173652
20240601,3,7,2,1.8050000000000002,1.5437012529117713
20240601,3,7,3,2707.5,2221.1710646523375
20240601,3,7,4,0.0,0.0
20240601,3,8,1,9025.0,8470.227242192761
20240601,3,8,2,1.8050000000000002,1.677064839620477
20240601,3,8,3,2707.5,2657.436712639691
20240601,3,8,4,0.0,0.0
20240601,3,9,1,9025.0,9044.351445446522
20240601,3,9,2,1.8050000000000002,1.782596298004035
20240601,3,9,3,2707.5,2668.8515742645586
20240601,3,9,4,0.0,1.5027578253046041
20240701,1,1,1,9500.0,9857.846765607612
20240701,1,1,2,1.9000000000000001,2.050672546768227
20240701,1,1,3,3040.0,3130.1414720270495
20240701,1,1,4,0.0,0.0
20240701,1,2,1,9500.0,9351.133886774469
20240701,1,2,2,1.9000000000000001,1.8838324971286362
20240701,1,2,3,3040.0,3018.7814216196393
20240701,1,2,4,0.0,0.0
20240701,1,3,1,9500.0,9560.175704782536
20240701,1,3,2,1.9000000000000001,1.9251265585781296
20240701,1,3,3,3040.0,3444.3361316272526
20240701,1,3,4,0.0,2.37684461128167
20240701,2,4,1,10450.0,9825.852489066223
20240701,2,4,2,2.0900000000000003,1.9482277787028797
20240701,2,4,3,3553.0000000000005,3096.337237264495
20240701,2,4,4,0.0,0.0
20240701,2,5,1,10450.0,10680.865060126334
20240701,2,5,2,2.0900000000000003,2.2134503708670983
20240701,2,5,3,3553.0000000000005,3499.110936939159
20240701,2,5,4,0.0,0.0
20240701,2,6,1,10450.0,8879.258074746174
20240701,2,6,2,2.0900000000000003,1.7671854988183286
20240701,2,6,3,3553.0000000000005,2858.579065744777
20240701,2,6,4,0.0,0.0
20240701,3,7,1,9025.0,8471.043203392626
20240701,3,7,2,1.8050000000000002,1.689417627661312
20240701,3,7,3,2707.5,2317.96606387261
20240701,3,7,4,0.0,0.0
20240701,3,8,1,9025.0,10370.151863023877
20240701,3,8,2,1.8050000000000002,1.9939257665265882
20240701,3,8,3,2707.5,2940.4380637609265
20240701,3,8,4,0.0,2.336913528321314
20240701,3,9,1,9025.0,10860.276184167627
20240701,3,9,2,1.8050000000000002,2.095714013890341
20240701,3,9,3,2707.5,3198.0935746215437
20240701,3,9,4,0.0,0.8415555509405095
20240801,1,1,1,9500.0,10649.58393352972
20240801,1,1,2,1.9000000000000001,2.0668590829832274
20240801,1,1,3,3040.0,3366.073146611177
20240801,1,1,4,0.0,1.277337576061744
20240801,1,2,1,9500.0,9789.119439520302
20240801,1,2,2,1.9000000000000001,1.935730467649028
20240801,1,2,3,3040.0,3111.558076912125
20240801,1,2,4,0.0,0.0
20240801,1,3,1,9500.0,9341.614460256847
20240801,1,3,2,1.9000000000000001,1.8533919566791743
20240801,1,3,3,3040.0,3024.0180928528935
20240801,1,3,4,0.0,0.0
20240801,2,4,1,10450.0,10794.930429241771
20240801,2,4,2,2.0900000000000003,2.224579266636101
20240801,2,4,3,3553.0000000000005,3698.799775182566
20240801,2,4,4,0.0,0.8517564083992035
20240801,2,5,1,10450.0,10488.88313675321
20240801,2,5,2,2.0900000000000003,2.0977819384862824
20240801,2,5,3,3553.0000000000005,3437.558522362413
20240801,2,5,4,0.0,0.816494261673308
20240801,2,6,1,10450.0,10378.834853260532
20240801,2,6,2,2.0900000000000003,2.206114859842922
20240801,2,6,3,3553.0000000000005,3806.406891980673
20240801,2,6,4,0.0,0.8858465525565008
20240801,3,7,1,9025.0,8542.93860777533
20240801,3,7,2,1.8050000000000002,1.6515681440846302
20240801,3,7,3,2707.5,2715.5194991524345
20240801,3,7,4,0.0,0.7627492251471385
20240801,3,8,1,9025.0,9328.33059509265
20240801,3,8,2,1.8050000000000002,1.7680216699901623
20240801,3,8,3,2707.5,2928.2709699665766
20240801,3,8,4,0.0,0.954420338214363
20240801,3,9,1,9025.0,8323.485415121153
20240801,3,9,2,1.8050000000000002,1.641148703878166
20240801,3,9,3,2707.5,2529.971319099016
20240801,3,9,4,0.0,0.5524667983562437
20240901,1,1,1,10000.0,9795.480169937511
20240901,1,1,2,2.0,1.9530137303215345
20240901,1,1,3,3200.0,3095.0618237960293
20240901,1,1,4,0.0,0.6525625121024685
20240901,1,2,1,10000.0,11030.04438109521
20240901,1,2,2,2.0,2.0361467371315327
20240901,1,2,3,3200.0,3487.8146990830114
20240901,1,2,4,0.0,0.6765124213724469
20240901,1,3,1,10000.0,10207.195792780969
20240901,1,3,2,2.0,2.0186619288577745
20240901,1,3,3,3200.0,2979.403402694677
20240901,1,3,4,0.0,0.8279954837141097
20240901,2,4,1,11000.0,12330.059664906423
20240901,2,4,2,2.2,2.3525363171394056
20240901,2,4,3,3740.0000000000005,4373.28815220316
20240901,2,4,4,0.0,0.1714747768771061
20240901,2,5,1,11000.0,10952.780253711788
20240901,2,5,2,2.2,2.1213630546391533
20240901,2,5,3,3740.0000000000005,3661.6704619367133
20240901,2,5,4,0.0,1.8000445946989585
20240901,2,6,1,11000.0,11448.644536330534
20240901,2,6,2,2.2,2.408724626045098
20240901,2,6,3,3740.0000000000005,4121.695235578219
20240901,2,6,4,0.0,0.9390866789295762
20240901,3,7,1,9500.0,10659.716459901581
20240901,3,7,2,1.9000000000000001,2.1600205475802374
20240901,3,7,3,2850.0,3330.3067259225877
20240901,3,7,4,0.0,0.20342904646529164
20240901,3,8,1,9500.0,9544.252967546372
20240901,3,8,2,1.9000000000000001,1.8689122571382473
20240901,3,8,3,2850.0,3004.9484813298086
20240901,3,8,4,0.0,0.0
20240901,3,9,1,9500.0,10020.262977707744
20240901,3,9,2,1.9000000000000001,1.99259035314247
20240901,3,9,3,2850.0,3182.121951638599
20240901,3,9,4,0.0,1.2508689887312598
20241001,1,1,1,10000.0,11274.45231035276
20241001,1,1,2,2.0,2.3043249684996847
20241001,1,1,3,3200.0,3324.2424530358076
20241001,1,1,4,0.0,0.43304682710179915
20241001,1,2,1,10000.0,9179.594965183629
20241001,1,2,2,2.0,1.807373398847476
20241001,1,2,3,3200.0,3159.429827536351
20241001,1,2,4,0.0,1.137533810897696
20241001,1,3,1,10000.0,9510.748699994878
20241001,1,3,2,2.0,1.8443024732487643
20241001,1,3,3,3200.0,3048.4280999536572
20241001,1,3,4,0.0,0.0
20241001,2,4,1,11000.0,10483.221986404633
20241001,2,4,2,2.2,2.1162695845937214
20241001,2,4,3,3740.0000000000005,3770.1891485247925
20241001,2,4,4,0.0,1.1087614722244399
20241001,2,5,1,11000.0,9235.707078379462
20241001,2,5,2,2.2,1.8640076673982604
20241001,2,5,3,3740.0000000000005,3151.450183346164
20241001,2,5,4,0.0,0.9138902853726931
20241001,2,6,1,11000.0,12244.481454871431
20241001,2,6,2,2.2,2.297316594070387
20241001,2,6,3,3740.0000000000005,4040.0818608860077
20241001,2,6,4,0.0,1.0909063227933546
20241001,3,7,1,9500.0,8448.23972436313
20241001,3,7,2,1.9000000000000001,1.7644629731460357
20241001,3,7,3,2850.0,2581.151391831182
20241001,3,7,4,0.0,1.346583985843404
20241001,3,8,1,9500.0,9120.322465088007
20241001,3,8,2,1.9000000000000001,1.868595216594832
20241001,3,8,3,2850.0,2882.268816557317
20241001,3,8,4,0.0,0.7328780201371683
20241001,3,9,1,9500.0,9655.876593644633
20241001,3,9,2,1.9000000000000001,1.9468377244675095
20241001,3,9,3,2850.0,2771.717648082926
20241001,3,9,4,0.0,0.3524713197596471
20241101,1,1,1,10000.0,9893.234227283348
20241101,1,1,2,2.0,2.0014048772647843
20241101,1,1,3,3200.0,3324.098880103483
20241101,1,1,4,0.0,0.0
20241101,1,2,1,10000.0,9912.493678776294
20241101,1,2,2,2.0,2.070608248264605
20241101,1,2,3,3200.0,3054.0649593249423
20241101,1,2,4,0.0,0.0
20241101,1,3,1,10000.0,10141.614334281836
20241101,1,3,2,2.0,2.079703440565255
20241101,1,3,3,3200.0,3247.17064535192
20241101,1,3,4,0.0,1.8289605904369892
20241101,2,4,1,11000.0,11659.731366576227
20241101,2,4,2,2.2,2.3908386483488338
20241101,2,4,3,3740.0000000000005,4074.1431070067592
20241101,2,4,4,0.0,2.827653100346085
20241101,2,5,1,11000.0,10842.025499573145
20241101,2,5,2,2.2,2.0380716612373386
20241101,2,5,3,3740.0000000000005,3981.975903676164
20241101,2,5,4,0.0,0.04230056904317436
20241101,2,6,1,11000.0,11083.067942144135
20241101,2,6,2,2.2,2.3036966237127707
20241101,2,6,3,3740.0000000000005,3466.357927302425
20241101,2,6,4,0.0,0.0
20241101,3,7,1,9500.0,8435.150171815963
20241101,3,7,2,1.9000000000000001,1.6468380811836734
20241101,3,7,3,2850.0,2586.1710634365013
20241101,3,7,4,0.0,1.024187842812771
20241101,3,8,1,9500.0,9683.722329253489
20241101,3,8,2,1.9000000000000001,1.8546594706355615
20241101,3,8,3,2850.0,2569.560695292975
20241101,3,8,4,0.0,0.5543535853903823
20241101,3,9,1,9500.0,9186.268937630506
20241101,3,9,2,1.9000000000000001,1.8625740349967594
20241101,3,9,3,2850.0,2852.605703172355
20241101,3,9,4,0.0,0.6382414320586819
20241201,1,1,1,11500.0,12111.907133727564
20241201,1,1,2,2.3000000000000003,2.4390385480091674
20241201,1,1,3,3680.0,3978.5317946186065
20241201,1,1,4,0.0,0.0
20241201,1,2,1,11500.0,11355.412811865675
20241201,1,2,2,2.3000000000000003,2.284489405227419
20241201,1,2,3,3680.0,3782.811132793105
20241201,1,2,4,0.0,0.10625882777542789
20241201,1,3,1,11500.0,11919.53964086435
20241201,1,3,2,2.3000000000000003,2.364895872062981
20241201,1,3,3,3680.0,3791.83590870954
20241201,1,3,4,0.0,1.329519042024073
20241201,2,4,1,12649.999999999998,10885.145041431544
20241201,2,4,2,2.53,2.092355272286532
20241201,2,4,3,4301.0,3426.674662585957
20241201,2,4,4,0.0,0.0
20241201,2,5,1,12649.999999999998,12049.396838242588
20241201,2,5,2,2.53,2.4640607264196253
20241201,2,5,3,4301.0,4038.43934513397
20241201,2,5,4,0.0,0.6977900819418521
20241201,2,6,1,12649.999999999998,13614.502093337407
20241201,2,6,2,2.53,2.831355132429803
20241201,2,6,3,4301.0,4612.928976264732
20241201,2,6,4,0.0,1.8535858895693973
20241201,3,7,1,10925.0,10995.453862037484
20241201,3,7,2,2.185,2.1438453312020154
20241201,3,7,3,3277.5,3200.600633888545
20241201,3,7,4,0.0,0.0
20241201,3,8,1,10925.0,10245.799635357189
20241201,3,8,2,2.185,2.0271509235586893
20241201,3,8,3,3277.5,3197.240457085073
20241201,3,8,4,0.0,2.220769831165984
20241201,3,9,1,10925.0,9867.976686115408
20241201,3,9,2,2.185,1.9968538110138094
20241201,3,9,3,3277.5,2806.3720558473437
20241201,3,9,4,0.0,0.974697088463202
20250101,1,1,1,11500.0,11394.47524619638
20250101,1,1,2,2.3000000000000003,2.153721782574858
20250101,1,1,3,3680.0,3815.4713922475726
20250101,1,1,4,0.0,0.0
20250101,1,2,1,11500.0,11070.210308109288
20250101,1,2,2,2.3000000000000003,2.1429877565983544
20250101,1,2,3,3680.0,3426.578443010811
20250101,1,2,4,0.0,0.9278904406949172
20250101,1,3,1,11500.0,11347.658305546194
20250101,1,3,2,2.3000000000000003,2.2919089257087486
20250101,1,3,3,3680.0,3696.9621062818915
20250101,1,3,4,0.0,1.820661655528167
20250101,2,4,1,12649.999999999998,12346.46286340959
20250101,2,4,2,2.53,2.3598887515405864
20250101,2,4,3,4301.0,4421.796546423732
20250101,2,4,4,0.0,0.16851182790274533
20250101,2,5,1,12649.999999999998,13636.971609673265
20250101,2,5,2,2.53,2.7587629387842605
20250101,2,5,3,4301.0,4606.168928091033
20250101,2,5,4,0.0,0.848775894046295
20250101,2,6,1,12649.999999999998,14377.621621991835
20250101,2,6,2,2.53,3.054696565376243
20250101,2,6,3,4301.0,4905.3494585241615
20250101,2,6,4,0.0,0.6601905933170753
20250101,3,7,1,10925.0,11748.054660422416
20250101,3,7,2,2.185,2.2900016998616435
20250101,3,7,3,3277.5,3583.1103322760223
20250101,3,7,4,0.0,0.4741371520461436
20250101,3,8,1,10925.0,11165.061304712162
20250101,3,8,2,2.185,2.1771845780952734
20250101,3,8,3,3277.5,3083.3041137520645
20250101,3,8,4,0.0,0.0
20250101,3,9,1,10925.0,10070.480499591196
20250101,3,9,2,2.185,1.9863816168424835
20250101,3,9,3,3277.5,2976.8554475375004
20250101,3,9,4,0.0,2.4372311624295167
20250201,1,1,1,11500.0,12390.324662775374
20250201,1,1,2,2.3000000000000003,2.4065412048352064
20250201,1,1,3,3680.0,4033.8354219098564
20250201,1,1,4,0.0,0.09292176364967492
20250201,1,2,1,11500.0,11271.087110377724
20250201,1,2,2,2.3000000000000003,2.266750351305633
20250201,1,2,3,3680.0,3718.407580851425
20250201,1,2,4,0.0,0.16074151611598464
20250201,1,3,1,11500.0,12356.400483851157
20250201,1,3,2,2.3000000000000003,2.386618620470027
20250201,1,3,3,3680.0,3955.3014027242157
20250201,1,3,4,0.0,3.0976737265958323
20250201,2,4,1,12649.999999999998,12847.53711209468
20250201,2,4,2,2.53,2.6799870817982274
20250201,2,4,3,4301.0,4388.151369167151
20250201,2,4,4,0.0,1.0807770953297968
20250201,2,5,1,12649.999999999998,12599.718481365271
20250201,2,5,2,2.53,2.5070611709744983
20250201,2,5,3,4301.0,4116.94288474555
20250201,2,5,4,0.0,0.9303013589575533
20250201,2,6,1,12649.999999999998,11895.963818976
20250201,2,6,2,2.53,2.4266994311329753
20250201,2,6,3,4301.0,4264.106792399428
20250201,2,6,4,0.0,0.8665314072372299
20250201,3,7,1,10925.0,10706.091281013285
20250201,3,7,2,2.185,2.170379437785759
20250201,3,7,3,3277.5,3162.2571556739476
20250201,3,7,4,0.0,1.4355471254651493
20250201,3,8,1,10925.0,9524.432197096483
20250201,3,8,2,2.185,1.8857076216843442
20250201,3,8,3,3277.5,2572.909351158072
20250201,3,8,4,0.0,0.0
20250201,3,9,1,10925.0,11968.013640250187
20250201,3,9,2,2.185,2.457884244498743
20250201,3,9,3,3277.5,3461.2428533874145
20250201,3,9,4,0.0,0.0
20250301,1,1,1,10000.0,7924.829813510844
20250301,1,1,2,2.0,1.5591233062735266
20250301,1,1,3,3200.0,2842.847573125509
20250301,1,1,4,0.0,0.9348842714636474
20250301,1,2,1,10000.0,9608.299399765358
20250301,1,2,2,2.0,1.9484716593397786
20250301,1,2,3,3200.0,2834.6853246267506
20250301,1,2,4,0.0,0.20267663730236457
20250301,1,3,1,10000.0,10069.634231111018
20250301,1,3,2,2.0,2.0087248337968147
20250301,1,3,3,3200.0,3349.6930082458075
20250301,1,3,4,0.0,0.8446452262360524
20250301,2,4,1,11000.0,11514.611033943158
20250301,2,4,2,2.2,2.255364172330022
20250301,2,4,3,3740.0000000000005,4090.7136700788546
20250301,2,4,4,0.0,2.128936947623991
20250301,2,5,1,11000.0,10252.98486986841
20250301,2,5,2,2.2,1.9959877932111465
20250301,2,5,3,3740.0000000000005,3718.843057780135
20250301,2,5,4,0.0,0.30865601330493975
20250301,2,6,1,11000.0,12080.942471891249
20250301,2,6,2,2.2,2.384111003515488
20250301,2,6,3,3740.0000000000005,4406.351912758432
20250301,2,6,4,0.0,0.6314858168054522
20250301,3,7,1,9500.0,9671.722167509593
20250301,3,7,2,1.9000000000000001,2.0251455413584383
20250301,3,7,3,2850.0,2849.032497059168
20250301,3,7,4,0.0,0.0
20250301,3,8,1,9500.0,9201.704801661144
20250301,3,8,2,1.9000000000000001,1.8653144212457529
20250301,3,8,3,2850.0,2544.396648907424
20250301,3,8,4,0.0,1.1374709026511214
20250301,3,9,1,9500.0,9141.7170737842
20250301,3,9,2,1.9000000000000001,1.8913012863456422
20250301,3,9,3,2850.0,2414.200367509374
20250301,3,9,4,0.0,0.0
20250401,1,1,1,10000.0,8819.472294136129
20250401,1,1,2,2.0,1.7201730115040514
20250401,1,1,3,3200.0,2857.179654972083
20250401,1,1,4,0.0,0.3207733745502451
20250401,1,2,1,10000.0,9822.63570173639
20250401,1,2,2,2.0,1.9551454503425134
20250401,1,2,3,3200.0,3175.2083620536737
20250401,1,2,4,0.0,0.0
20250401,1,3,1,10000.0,10494.794748629334
20250401,1,3,2,2.0,2.1406862098024484
20250401,1,3,3,3200.0,3422.988625579568
20250401,1,3,4,0.0,1.0565334427512632
20250401,2,4,1,11000.0,11228.241860622667
20250401,2,4,2,2.2,2.3827501436074967
20250401,2,4,3,3740.0000000000005,3800.977687518831
20250401,2,4,4,0.0,0.19291678166542325
20250401,2,5,1,11000.0,10419.783763124819
20250401,2,5,2,2.2,2.019421029739963
20250401,2,5,3,3740.0000000000005,3322.2853217185243
20250401,2,5,4,0.0,0.0
20250401,2,6,1,11000.0,10945.576106127904
20250401,2,6,2,2.2,2.2110695378508582
20250401,2,6,3,3740.0000000000005,3731.0121240833028
20250401,2,6,4,0.0,0.0
20250401,3,7,1,9500.0,10098.622735073277
20250401,3,7,2,1.9000000000000001,2.064526844753253
20250401,3,7,3,2850.0,3005.403400117764
20250401,3,7,4,0.0,0.0
20250401,3,8,1,9500.0,9864.704567351817
20250401,3,8,2,1.9000000000000001,1.9840667369124574
20250401,3,8,3,2850.0,2745.1311563546706
20250401,3,8,4,0.0,0.4320197440155951
20250401,3,9,1,9500.0,9674.253815029464
20250401,3,9,2,1.9000000000000001,1.8826275086826452
20250401,3,9,3,2850.0,2929.8250420200757
20250401,3,9,4,0.0,0.0
20250501,1,1,1,10000.0,10935.33027000852
20250501,1,1,2,2.0,2.2689465254841665
20250501,1,1,3,3200.0,3455.1239192106455
20250501,1,1,4,0.0,0.8634543378390731
20250501,1,2,1,10000.0,8313.054623940086
20250501,1,2,2,2.0,1.6049342372037112
20250501,1,2,3,3200.0,2621.102276291439
20250501,1,2,4,0.0,0.0
20250501,1,3,1,10000.0,10500.077537841462
20250501,1,3,2,2.0,2.2258461182017872
20250501,1,3,3,3200.0,3162.3520795304958
20250501,1,3,4,0.0,0.0
20250501,2,4,1,11000.0,11181.295243598648
20250501,2,4,2,2.2,2.344345240688352
20250501,2,4,3,3740.0000000000005,3569.289005349648
20250501,2,4,4,0.0,0.7490361223069419
20250501,2,5,1,11000.0,12402.400115126095
20250501,2,5,2,2.2,2.3575653559279846
20250501,2,5,3,3740.0000000000005,3946.7143802088954
20250501,2,5,4,0.0,0.07639339353916175
20250501,2,6,1,11000.0,10599.146922101334
20250501,2,6,2,2.2,2.1715066670482046
20250501,2,6,3,3740.0000000000005,3647.253530398547
20250501,2,6,4,0.0,0.0
20250501,3,7,1,9500.0,9842.74791792904
20250501,3,7,2,1.9000000000000001,1.934442165499551
20250501,3,7,3,2850.0,3140.985315744594
20250501,3,7,4,0.0,0.0
20250501,3,8,1,9500.0,9076.650836737013
20250501,3,8,2,1.9000000000000001,1.8448001434753656
20250501,3,8,3,2850.0,2826.8675104351896
20250501,3,8,4,0.0,0.9480993639362036
20250501,3,9,1,9500.0,8379.077783939103
20250501,3,9,2,1.9000000000000001,1.7028649513234024
20250501,3,9,3,2850.0,2383.725120918716
20250501,3,9,4,0.0,0.7352761115882636
20250601,1,1,1,9500.0,8553.216600459626
20250601,1,1,2,1.9000000000000001,1.7335482601010337
20250601,1,1,3,3040.0,2626.645069935331
20250601,1,1,4,0.0,0.0
20250601,1,2,1,9500.0,9974.690390760796
20250601,1,2,2,1.9000000000000001,2.0094000538822536
20250601,1,2,3,3040.0,3093.913269027394
20250601,1,2,4,0.0,1.9511788490210642
20250601,1,3,1,9500.0,9206.96613965612
20250601,1,3,2,1.9000000000000001,1.8431669135336652
20250601,1,3,3,3040.0,2985.8431968063596
20250601,1,3,4,0.0,0.0
20250601,2,4,1,10450.0,10794.636198622049
20250601,2,4,2,2.0900000000000003,2.1243766956227446
20250601,2,4,3,3553.0000000000005,3594.6370466579997
20250601,2,4,4,0.0,1.862642639803341
20250601,2,5,1,10450.0,9688.811302587155
20250601,2,5,2,2.0900000000000003,1.7975004204716134
20250601,2,5,3,3553.0000000000005,3559.5329404850927
20250601,2,5,4,0.0,3.049327952607003
20250601,2,6,1,10450.0,10153.545532323813
20250601,2,6,2,2.0900000000000003,1.9127144670597194
20250601,2,6,3,3553.0000000000005,3398.612756770935
20250601,2,6,4,0.0,0.2137770501593308
20250601,3,7,1,9025.0,8905.015613434189
20250601,3,7,2,1.8050000000000002,1.721514695304088
20250601,3,7,3,2707.5,2748.9196993706482
20250601,3,7,4,0.0,1.024507375286086
20250601,3,8,1,9025.0,8080.909249679153
20250601,3,8,2,1.8050000000000002,1.6500827219548226
20250601,3,8,3,2707.5,2673.086190763006
20250601,3,8,4,0.0,0.6719603324370599
20250601,3,9,1,9025.0,8811.894828863222
20250601,3,9,2,1.8050000000000002,1.754871061428327
20250601,3,9,3,2707.5,2724.892117508067
20250601,3,9,4,0.0,0.0
20250701,1,1,1,9500.0,9609.319817479907
20250701,1,1,2,1.9000000000000001,1.899351405690475
20250701,1,1,3,3040.0,3359.0838058533077
20250701,1,1,4,0.0,0.3258272661950421
20250701,1,2,1,9500.0,10609.145261394482
20250701,1,2,2,1.9000000000000001,2.0515705799168034
20250701,1,2,3,3040.0,3494.6115685533755
20250701,1,2,4,0.0,0.8194002637912288
20250701,1,3,1,9500.0,8922.08358016992
20250701,1,3,2,1.9000000000000001,1.793913173803513
20250701,1,3,3,3040.0,3028.1578561302454
20250701,1,3,4,0.0,0.1762082957133993
20250701,2,4,1,10450.0,9212.329322132318
20250701,2,4,2,2.0900000000000003,1.8414950971784376
20250701,2,4,3,3553.0000000000005,2990.8638509938387
20250701,2,4,4,0.0,0.15765906133611762
20250701,2,5,1,10450.0,10390.318546475333
20250701,2,5,2,2.0900000000000003,1.9717300901716501
20250701,2,5,3,3553.0000000000005,3247.3258240688237
20250701,2,5,4,0.0,0.9820668355255253
20250701,2,6,1,10450.0,10067.631273751878
20250701,2,6,2,2.0900000000000003,1.85860085268103
20250701,2,6,3,3553.0000000000005,3557.3204793311925
20250701,2,6,4,0.0,0.7723697552742399
20250701,3,7,1,9025.0,8574.009579914951
20250701,3,7,2,1.8050000000000002,1.6470588269145816
20250701,3,7,3,2707.5,2679.696247624
20250701,3,7,4,0.0,0.8493506225604296
20250701,3,8,1,9025.0,10530.208992085663
20250701,3,8,2,1.8050000000000002,2.132589840981124
20250701,3,8,3,2707.5,3220.301624191356
20250701,3,8,4,0.0,0.3330720698914349
20250701,3,9,1,9025.0,9540.9981541041
20250701,3,9,2,1.8050000000000002,1.9439832513284185
20250701,3,9,3,2707.5,3041.4400361737266
20250701,3,9,4,0.0,0.0
20250801,1,1,1,9500.0,9210.454030492265
20250801,1,1,2,1.9000000000000001,1.8156142597091658
20250801,1,1,3,3040.0,3063.8835761599767
20250801,1,1,4,0.0,1.998374440296732
20250801,1,2,1,9500.0,9194.871072055716
20250801,1,2,2,1.9000000000000001,1.8155397764400194
20250801,1,2,3,3040.0,2988.565136340261
20250801,1,2,4,0.0,0.2542384999870986
20250801,1,3,1,9500.0,10133.115679338027
20250801,1,3,2,1.9000000000000001,1.8897180172479104
20250801,1,3,3,3040.0,3108.5634514185454
20250801,1,3,4,0.0,0.0
20250801,2,4,1,10450.0,8752.659576939535
20250801,2,4,2,2.0900000000000003,1.6999255198350367
20250801,2,4,3,3553.0000000000005,2839.7334071496307
20250801,2,4,4,0.0,0.2988953454811697
20250801,2,5,1,10450.0,11264.134549749482
20250801,2,5,2,2.0900000000000003,2.236264533062729
20250801,2,5,3,3553.0000000000005,3632.4149314201686
20250801,2,5,4,0.0,0.443045458786471
20250801,2,6,1,10450.0,11217.470504084347
20250801,2,6,2,2.0900000000000003,2.1778073654190493
20250801,2,6,3,3553.0000000000005,3640.296074052147
20250801,2,6,4,0.0,1.0585489592742234
20250801,3,7,1,9025.0,8885.044558887066
20250801,3,7,2,1.8050000000000002,1.8115264937463187
20250801,3,7,3,2707.5,2663.694582368314
20250801,3,7,4,0.0,1.201663648089567
20250801,3,8,1,9025.0,8371.089401454825
20250801,3,8,2,1.8050000000000002,1.6736109101381613
20250801,3,8,3,2707.5,2484.8712462430303
20250801,3,8,4,0.0,0.0
20250801,3,9,1,9025.0,8037.272806433956
20250801,3,9,2,1.8050000000000002,1.6405238737262995
20250801,3,9,3,2707.5,2368.8713413608803
20250801,3,9,4,0.0,0.0
20250901,1,1,1,10000.0,9932.674744153668
20250901,1,1,2,2.0,2.0537604153226687
20250901,1,1,3,3200.0,2815.994683012995
20250901,1,1,4,0.0,0.0
20250901,1,2,1,10000.0,9353.979490673311
20250901,1,2,2,2.0,1.952802921043706
20250901,1,2,3,3200.0,3035.5664424963934
20250901,1,2,4,0.0,1.2673172404612267
20250901,1,3,1,10000.0,9201.887356611638
20250901,1,3,2,2.0,1.7785664132267778
20250901,1,3,3,3200.0,3010.535656164172
20250901,1,3,4,0.0,0.5582743309354465
20250901,2,4,1,11000.0,11422.528890525376
20250901,2,4,2,2.2,2.2716437142103127
20250901,2,4,3,3740.0000000000005,3937.6706035481166
20250901,2,4,4,0.0,0.6581190849051092
20250901,2,5,1,11000.0,11598.880889595393
20250901,2,5,2,2.2,2.375938535554224
20250901,2,5,3,3740.0000000000005,3624.211563033629
20250901,2,5,4,0.0,0.0
20250901,2,6,1,11000.0,11771.343956191662
20250901,2,6,2,2.2,2.4381555148274487
20250901,2,6,3,3740.0000000000005,3798.0171666960923
20250901,2,6,4,0.0,0.0
20250901,3,7,1,9500.0,9565.858155969789
20250901,3,7,2,1.9000000000000001,1.9665972298305
20250901,3,7,3,2850.0,3127.69046014426
20250901,3,7,4,0.0,1.0162975721014509
20250901,3,8,1,9500.0,9252.808396770513
20250901,3,8,2,1.9000000000000001,1.800977880265223
20250901,3,8,3,2850.0,2777.431868147016
20250901,3,8,4,0.0,0.2007352961147436
20250901,3,9,1,9500.0,8824.979842690338
20250901,3,9,2,1.9000000000000001,1.8734773324668663
20250901,3,9,3,2850.0,2883.8050802685157
20250901,3,9,4,0.0,1.6360486835554284
20251001,1,1,1,10000.0,9355.40472153361
20251001,1,1,2,2.0,1.9190752552479218
20251001,1,1,3,3200.0,3089.4729337937038
20251001,1,1,4,0.0,0.942545624204053
20251001,1,2,1,10000.0,10874.765686930643
20251001,1,2,2,2.0,2.2164102112032507
20251001,1,2,3,3200.0,3608.6847226146465
20251001,1,2,4,0.0,1.1369062833722101
20251001,1,3,1,10000.0,10238.553985601475
20251001,1,3,2,2.0,1.938141204074905
20251001,1,3,3,3200.0,3290.035818038906
20251001,1,3,4,0.0,0.0
20251001,2,4,1,11000.0,10014.522462617184
20251001,2,4,2,2.2,2.103960034395383
20251001,2,4,3,3740.0000000000005,3699.2937028338683
20251001,2,4,4,0.0,1.859220600295612
20251001,2,5,1,11000.0,11196.514330979024
20251001,2,5,2,2.2,2.3300366273309647
20251001,2,5,3,3740.0000000000005,3809.1090838916866
20251001,2,5,4,0.0,0.7027972768977794
20251001,2,6,1,11000.0,10158.027044744273
20251001,2,6,2,2.2,2.05580129939462
20251001,2,6,3,3740.0000000000005,3464.157027412026
20251001,2,6,4,0.0,0.0
20251001,3,7,1,9500.0,9465.953920641963
20251001,3,7,2,1.9000000000000001,1.8886624858629042
20251001,3,7,3,2850.0,3095.0206437874926
20251001,3,7,4,0.0,1.3942133285134095
20251001,3,8,1,9500.0,9507.611216995825
20251001,3,8,2,1.9000000000000001,1.9157144815030311
20251001,3,8,3,2850.0,2858.58867662865
20251001,3,8,4,0.0,0.29708601520445227
20251001,3,9,1,9500.0,8780.18591373679
20251001,3,9,2,1.9000000000000001,1.748079601339311
20251001,3,9,3,2850.0,2535.7925530711773
20251001,3,9,4,0.0,0.0
20251101,1,1,1,10000.0,10357.855270183274
20251101,1,1,2,2.0,2.0958870303562103
20251101,1,1,3,3200.0,3018.4103614522496
20251101,1,1,4,0.0,0.3773153625048728
20251101,1,2,1,10000.0,10696.990970129948
20251101,1,2,2,2.0,2.207381234647917
20251101,1,2,3,3200.0,3598.610989564303
20251101,1,2,4,0.0,0.5389132069014598
20251101,1,3,1,10000.0,9408.468270421594
20251101,1,3,2,2.0,1.8205179778929703
20251101,1,3,3,3200.0,3062.5851155297164
20251101,1,3,4,0.0,0.879280034365163
20251101,2,4,1,11000.0,11991.2449559359
20251101,2,4,2,2.2,2.47738974378996
20251101,2,4,3,3740.0000000000005,4050.0683194369926
20251101,2,4,4,0.0,0.0
20251101,2,5,1,11000.0,10754.287920301607
20251101,2,5,2,2.2,2.164874584945903
20251101,2,5,3,3740.0000000000005,3619.5124490211742
20251101,2,5,4,0.0,0.0
20251101,2,6,1,11000.0,11194.721307526823
20251101,2,6,2,2.2,2.20509426271019
20251101,2,6,3,3740.0000000000005,3686.6778234688586
20251101,2,6,4,0.0,0.8114528343034395
20251101,3,7,1,9500.0,9232.67493421408
20251101,3,7,2,1.9000000000000001,1.8600574056835284
20251101,3,7,3,2850.0,2807.638539269922
20251101,3,7,4,0.0,0.0
20251101,3,8,1,9500.0,9179.9746526295
20251101,3,8,2,1.9000000000000001,1.91518746571331
20251101,3,8,3,2850.0,2593.9744887202382
20251101,3,8,4,0.0,0.0
20251101,3,9,1,9500.0,8261.872973093728
20251101,3,9,2,1.9000000000000001,1.6538176107039657
20251101,3,9,3,2850.0,2482.3934112848183
20251101,3,9,4,0.0,0.38238914457487905
20251201,1,1,1,11500.0,12477.422812287443
20251201,1,1,2,2.3000000000000003,2.295384050483093
20251201,1,1,3,3680.0,4071.8190496436705
20251201,1,1,4,0.0,2.0614382018035733
20251201,1,2,1,11500.0,10592.13648426217
20251201,1,2,2,2.3000000000000003,2.0942895223894937
20251201,1,2,3,3680.0,3261.8879318409604
20251201,1,2,4,0.0,0.0
20251201,1,3,1,11500.0,11237.359085956452
20251201,1,3,2,2.3000000000000003,2.3437188055273777
20251201,1,3,3,3680.0,3926.312889141345
20251201,1,3,4,0.0,0.16406077495985227
20251201,2,4,1,12649.999999999998,14336.930819554085
20251201,2,4,2,2.53,2.870446508846809
20251201,2,4,3,4301.0,5301.979776436055
20251201,2,4,4,0.0,0.40670135034650823
20251201,2,5,1,12649.999999999998,12766.051704963858
20251201,2,5,2,2.53,2.5812043370803885
20251201,2,5,3,4301.0,5030.341557054162
20251201,2,5,4,0.0,1.351285574844789
20251201,2,6,1,12649.999999999998,12023.717258727978
20251201,2,6,2,2.53,2.474649190244635
20251201,2,6,3,4301.0,4014.1041419120374
20251201,2,6,4,0.0,0.010249817098790859
20251201,3,7,1,10925.0,11619.852889977494
20251201,3,7,2,2.185,2.3261378377368946
20251201,3,7,3,3277.5,3534.5110341730197
20251201,3,7,4,0.0,0.5139852218652925
20251201,3,8,1,10925.0,11182.401946071506
20251201,3,8,2,2.185,2.2649932260853256
20251201,3,8,3,3277.5,3029.8214418550338
20251201,3,8,4,0.0,1.1665726686095335
20251201,3,9,1,10925.0,10174.000648684778
20251201,3,9,2,2.185,1.9467564156922819
20251201,3,9,3,3277.5,3043.2860541118025
20251201,3,9,4,0.0,0.5839810033144542
